<?xml version="1.0" encoding="UTF-8"?>
<!DOCTYPE mapper PUBLIC "-//mybatis.org//DTD Mapper 3.0//EN" "http://mybatis.org/dtd/mybatis-3-mapper.dtd">

<!-- 设置为UserDao接口方法提供sql语句配置 -->
<mapper namespace="com.poe.dao.UserDao">
    <!--a.[数据库] AS 属性名-->
    <sql id="tUser">
        a.id AS "id",
        a.username  AS "username",
        a.password AS "password"
    </sql>

    <resultMap id="userResultMap" type="com.poe.entity.User">
        <id property="id" column="id"/>
        <result property="username" column="username"/>
        <result property="password" column="password"/>
        <result property="profile" column="profile"/>
    </resultMap>

    <select id="findUserById" resultType="com.poe.entity.User" parameterType="Integer">
        SELECT * FROM user WHERE id = #{id}
    </select>
    <select id="findUserByUsername" resultType="com.poe.entity.User" parameterType="String">
        SELECT * FROM user WHERE username = #{name}
    </select>
    <select id="getCount" resultType="java.lang.Integer">
        select count(*)from user
    </select>

    <!--//新增用户-->
    <select id="addUser" parameterType="User">
        INSERT INTO user( username ,password,profile) VALUES(#{username},#{password},#{profile})
    </select>

    <!--//根据账号密码获取用户-->
    <select id="findUserByNameAndPwd" resultType="User" parameterType="Map">
        SELECT
        <include refid="tUser"/>
        FROM user a
        <where>
            <if test='username!=null and username!=""'>
                username=#{username}
            </if>
            <if test='password != null and password != ""'>
                AND password = #{password}
            </if>
        </where>
    </select>

    <!--准确查询 resultMap="BaseResultMap"-->
    <select id="selectSelective" resultMap="userResultMap" parameterType="User" >
        select
        <include refid="tUser" />
        from user a
        <where>
            <if test="id != null" >id = #{id,jdbcType=INTEGER} </if>
            <if test="username != null" >AND username = #{username,jdbcType=VARCHAR}</if>
            <if test="password != null" >AND password = #{password,jdbcType=VARCHAR}</if>
        </where>
    </select>

    <!--模糊查询resultMap="BaseResultMap"<include refid="Base_Column_List"/>-->
    <select id="selectLike" resultType="com.poe.entity.User"  parameterType="com.poe.entity.User">
        select
        *
        from user
        <where>
            <if test="id != null and id != ''">AND id LIKE concat('%',#{id},'%')</if>
            <if test="username != null and username != ''">AND username LIKE concat('%',#{username},'%')</if>
            <if test="password != null and password != ''">AND password LIKE concat('%',#{password},'%')</if>
        </where>
    </select>
    <select id="findAllUser" resultMap="userResultMap">
        SELECT * FROM user
    </select>
</mapper>