<?xml version="1.0" encoding="UTF-8"?>
<beans xmlns="http://www.springframework.org/schema/beans"
       xmlns:xsi="http://www.w3.org/2001/XMLSchema-instance"
       xmlns:context="http://www.springframework.org/schema/context" xmlns:tx="http://www.springframework.org/schema/tx"
       xmlns:aop="http://www.springframework.org/schema/aop"
       xsi:schemaLocation="http://www.springframework.org/schema/beans
                        http://www.springframework.org/schema/beans/spring-beans-3.1.xsd
                        http://www.springframework.org/schema/context
                        http://www.springframework.org/schema/context/spring-context-3.1.xsd
                        http://www.springframework.org/schema/tx
                        http://www.springframework.org/schema/tx/spring-tx.xsd
                        http://www.springframework.org/schema/aop
                        http://www.springframework.org/schema/aop/spring-aop.xsd">

    <!-- 自动扫描 -->
    <context:component-scan base-package="com.poe">
        <context:exclude-filter type="annotation" expression="org.springframework.stereotype.Controller"/>
    </context:component-scan>


        <!--&lt;!&ndash; 第一种方式：加载一个properties文件 &ndash;&gt;-->
    <!--<bean id="propertyConfigurer" class="org.springframework.beans.factory.config.PropertyPlaceholderConfigurer">-->
        <!--<property name="location" value="classpath:jdbc.properties"/>-->
    <!--</bean>-->
    <!-- 配置数据库相关参数properties的属性：${url} -->
    <context:property-placeholder location="classpath:jdbc.properties"/>

    <!-- 第二种方式：加载多个properties文件
    <bean id="configProperties" class="org.springframework.beans.factory.config.PropertiesFactoryBean">
        <property name="locations">
            <list>
                <value>classpath:jdbc.properties</value>
                <value>classpath:common.properties</value>
            </list>
        </property>
        <property name="fileEncoding" value="UTF-8"/>
    </bean>
    <bean id="propertyConfigurer" class="org.springframework.beans.factory.config.PreferencesPlaceholderConfigurer">
        <property name="properties" ref="configProperties"/>
    </bean>
    -->

    <!-- 配置数据源 -->
    <bean id="dataSource" class="com.mchange.v2.c3p0.ComboPooledDataSource">
        <property name="driverClass" value="${jdbc.driver}"/>
        <property name="jdbcUrl" value="${jdbc.url}"/>
        <property name="user" value="${jdbc.username}"/>
        <property name="password" value="${jdbc.password}"/>
        <property name="maxPoolSize" value="${c3p0.maxPoolSize}"/>
        <property name="minPoolSize" value="${c3p0.minPoolSize}"/>
        <property name="autoCommitOnClose" value="${c3p0.autoCommitOnClose}"/>
        <property name="checkoutTimeout" value="${c3p0.checkoutTimeout}"/>
        <property name="acquireRetryAttempts" value="${c3p0.acquireRetryAttempts}"/>
    </bean>

    <!-- 开启aop，对类代理 -->
    <aop:config proxy-target-class="true"/>



    <!-- 配置SqlSessionFactory对象 -->
    <bean id="sqlSessionFactory" class="org.mybatis.spring.SqlSessionFactoryBean">
        <!-- 注入数据库连接池 -->
        <property name="dataSource" ref="dataSource"/>
        <!-- 扫描entity包 使用别名 -->
        <property name="typeAliasesPackage" value="com.poe.entity"/>
        <!-- 扫描sql配置文件:mapper需要的xml文件 -->
        <property name="mapperLocations" value="classpath:mapping/*.xml"/>
    </bean>

    <!-- mapper扫描 -->
    <bean id="mapperScannerConfigurer" class="org.mybatis.spring.mapper.MapperScannerConfigurer">
        <!-- 注入sqlSessionFactory -->
        <property name="sqlSessionFactoryBeanName" value="sqlSessionFactory"/>
        <!-- 给出需要扫描Dao接口包 -->
        <property name="basePackage" value="com.poe.dao"/>
    </bean>


    <!-- (事务管理)transaction manager, use JtaTransactionManager for global tx -->
    <bean id="transactionManager" class="org.springframework.jdbc.datasource.DataSourceTransactionManager">
        <property name="dataSource" ref="dataSource"/>
    </bean>

    <!-- 配置基于注解的声明式事务 -->
    <tx:annotation-driven transaction-manager="transactionManager"/>
</beans>
