<?xml version="1.0" encoding="UTF-8"?>
<beans xmlns="http://www.springframework.org/schema/beans"
       xmlns:xsi="http://www.w3.org/2001/XMLSchema-instance" xmlns:p="http://www.springframework.org/schema/p"
       xmlns:context="http://www.springframework.org/schema/context"
       xmlns:mvc="http://www.springframework.org/schema/mvc" xmlns:sec="http://www.springframework.org/schema/c"
       xsi:schemaLocation="http://www.springframework.org/schema/beans
                        http://www.springframework.org/schema/beans/spring-beans-4.0.xsd
                        http://www.springframework.org/schema/context
                        http://www.springframework.org/schema/context/spring-context-4.0.xsd
                        http://www.springframework.org/schema/mvc
                        http://www.springframework.org/schema/mvc/spring-mvc-4.0.xsd">

    <!-- 注解扫描 扫描web相关的bean -->
    <context:component-scan base-package="com.poe" use-default-filters="false">
        <context:include-filter type="annotation" expression="org.springframework.stereotype.Controller"/>
    </context:component-scan>

    <!--&lt;!&ndash; 配置json解析 &ndash;&gt;-->
    <!--<mvc:annotation-driven conversion-service="conversionService">-->
        <!--<mvc:message-converters>-->
            <!--<bean class="com.alibaba.fastjson.support.spring.FastJsonHttpMessageConverter"/>-->
        <!--</mvc:message-converters>-->
    <!--</mvc:annotation-driven>-->

    <!-- 开启SpringMVC注解模式 -->
    <mvc:annotation-driven/>

    <!-- 静态资源默认servlet配置 -->
    <mvc:default-servlet-handler/>

    <!-- 定义文件上传解析器 -->
    <bean id="multipartResolver" class="org.springframework.web.multipart.commons.CommonsMultipartResolver">
        <!-- 设定默认编码 -->
        <property name="defaultEncoding" value="UTF-8" />
        <!-- 设定文件上传的最大值5MB，5*1024*1024 -->
        <property name="maxUploadSize" value="10485760" />
        <property name="maxInMemorySize" value="4096" />
    </bean>

    <!-- 配置jsp 显示ViewResolver -->
    <bean class="org.springframework.web.servlet.view.InternalResourceViewResolver">
        <property name="viewClass" value="org.springframework.web.servlet.view.JstlView"/>
        <property name="prefix" value="/WEB-INF/views/"/>
        <property name="suffix" value=".jsp"/>
    </bean>
    <!--<mvc:interceptors>-->
        <!--<mvc:interceptor>-->
            <!--&lt;!&ndash; 匹配的是url路径， 如果不配置或/**,将拦截所有的Controller &ndash;&gt;-->
            <!--<mvc:mapping path="/*/*" />-->
            <!--&lt;!&ndash; 不需要拦截的地址 &ndash;&gt;-->
            <!--<mvc:exclude-mapping path="/login.jsp" />-->
            <!--<mvc:exclude-mapping path="/login" />-->
            <!--<bean class="com.poe.mvc.interceptor.SessionTimeoutInterceptor" />-->
        <!--</mvc:interceptor>-->
    <!--</mvc:interceptors>-->
    <!--&lt;!&ndash; exception handler &ndash;&gt;-->
    <!--<bean id="handlerExceptionResolver" class="org.springframework.web.servlet.handler.SimpleMappingExceptionResolver" >-->
        <!--<property name="exceptionMappings">-->
            <!--<props>-->
                <!--<prop key="com.poe.mvc.interceptor.SessionTimeoutInterceptor">redirect:/login.jsp</prop>-->
            <!--</props>-->
        <!--</property>-->
    <!--</bean>-->

</beans>
